Club Name,Alias,Club logo,Founded Year,Stadium,Postcode,Region,Primary Colour Code,Secondary Colour Code,Website URL,Financial Value,Seasons in Top Division,Trophies Won (Last 5 Years),Avg Position (Last 5 Years),Shirt Colour
Liverpool FC,Liverpool,,,Anfield,L4 0TH,North West,#C8102E,#C8102E,https://www.liverpoolfc.com/,1040000000,110,4,2.4,Red
Chelsea FC,Chelsea,,,Stamford Bridge,SW6 1HS,London,#034694,#FFFFFF,https://www.chelseafc.com/,1180000000,90,1,5.4,Blue
Arsenal FC,Arsenal,,,Emirates Stadium,N5 1BU,London,#EF0107,#FFFFFF,https://www.arsenal.com/,1290000000,108,1,2.8,Red
Tottenham Hotspur FC,Tottenham Hotspur,,,Tottenham Hotspur Stadium,N17 0AP,London,#FFFFFF,#132257,https://www.tottenhamhotspur.com/,878500000,90,1,7.6,White
Everton FC,Everton,,,Hill Dickinson Stadium,L4 4EL,North West,#003399,#FFFFFF,https://www.evertonfc.com/,400850000,122,0,13.2,Blue
Sunderland AFC,Sunderland,,,Stadium of Light,SR5 1SU,North East,#EB172B,#FFFFFF,https://www.safc.com/,365050000,86,0,28.2,Red and White
AFC Bournemouth,AFC Bournemouth,,,Vitality Stadium,BH7 7AF,South West,#DA291C,#000000,https://www.afcb.co.uk/,483850000,8,0,13,Red and Black
Crystal Palace FC,Crystal Palace,,,Selhurst Park,SE25 6PU,London,#1B458F,#C4122E,https://www.cpfc.co.uk/,501880000,25,1,10.6,Red and Blue
Manchester United FC,Manchester United,,,Old Trafford,M16 0RA,North West,#DA291C,#000000,https://www.manutd.com/,719150000,100,2,8.2,Red
Nottingham Forest FC,Nottingham Forest,,,City Ground,NG2 5FJ,East Midlands,#DD0000,#FFFFFF,https://www.nottinghamforest.co.uk/,619600000,59,0,14.8,Red
Brighton & Hove Albion FC,Brighton & Hove Albion,,,AMEX Stadium,BN1 9BL,South East,#0057B8,#FFFFFF,https://www.brightonandhovealbion.com/,519500000,12,0,9,Blue and White
Leeds United FC,Leeds United,,,Elland Road,LS11 0ES,Yorkshire & The Humber,#FFFFFF,#FFFFFF,https://www.leedsunited.com/,313080000,53,0,18.4,White
Manchester City FC,Manchester City,,,Etihad Stadium,M11 3FF,North West,#6CABDD,#FFFFFF,https://www.mancity.com/,1190000000,96,7,3.8,Sky Blue
Burnley FC,Burnley,,,Turf Moor,BB10 4BX,North West,#6C1D45,#99D6EA,https://www.burnleyfootballclub.com/,253750000,60,0,18.8,Claret and Blue
Brentford FC,Brentford,,,Gtech Community Stadium,TW8 0RU,London,#FF0000,#FFFFFF,https://www.brentfordfc.com/,455900000,9,0,12.6,Red and White
West Ham United FC,West Ham United,,,London Stadium,E20 2ST,London,#7A263A,#1BB1E7,https://www.whufc.com/,373250000,67,0,12,Claret and Blue
Newcastle United FC,Newcastle United,,,St James' Park,NE1 4ST,North East,#241F20,#FFFFFF,https://www.nufc.co.uk/,712950000,93,1,8.8,Black and White
Fulham FC,Fulham,,,Craven Cottage,SW6 6HH,London,#FFFFFF,#000000,https://www.fulhamfc.com/,355950000,30,0,14.6,White
Aston Villa FC,Aston Villa,,,Villa Park,B6 6HE,West Midlands,#670E36,#95BFE5,https://www.avfc.co.uk/,519500000,111,0,10,Claret and Blue
Wolverhampton Wanderers FC,Wolverhampton Wanderers,,,Molineux Stadium,WV1 4QR,West Midlands,#FDB913,#000000,https://www.wolves.co.uk/,353600000,70,0,14.6,Gold
Middlesbrough FC,Middlesbrough,,,Riverside Stadium,TS3 6RS,North East,#FF0000,#FFFFFF,https://www.mfc.co.uk/,113900000,61,0,26,Red
West Bromwich Albion FC,West Bromwich Albion,,,The Hawthorns,B71 4LF,West Midlands,#122F67,#FFFFFF,https://www.wba.co.uk/,80800000,81,0,27,Navy Blue and White
Stoke City FC,Stoke City,,,bet365 Stadium,ST4 4EG,West Midlands,#E03A3E,#FFFFFF,https://www.stokecityfc.com/,66880000,62,0,33.6,Red and White
Leicester City FC,Leicester City,,,King Power Stadium,LE2 7FL,East Midlands,#003090,#FFFFFF,https://www.lcfc.com/,162400000,56,1,17.8,Blue
Coventry City FC,Coventry City,,,Coventry Building Society Arena,CV6 6GE,West Midlands,#99D6EA,#FFFFFF,https://www.ccfc.co.uk/,143800000,34,0,27.2,Sky Blue
Bristol City FC,Bristol City,,,Ashton Gate,BS3 2EJ,South West,#FF0000,#FFFFFF,https://www.bcfc.co.uk/,74950000,9,0,30.8,Red
Swansea City AFC,Swansea City,,,Swansea.com Stadium,SA1 2FA,Wales,#FFFFFF,#000000,https://www.swanseacity.com/,69450000,9,0,31.4,White
Portsmouth FC,Portsmouth,,,Fratton Park,PO4 8RA,South East,#002D72,#FFFFFF,https://www.portsmouthfc.co.uk/,35680000,33,0,43,Blue
Preston North End FC,Preston North End,,,Deepdale,PR1 6RU,North West,#FFFFFF,#002147,https://www.pnefc.net/,47250000,46,0,32.8,White
Birmingham City FC,Birmingham City,,,St Andrew's,B9 4RL,West Midlands,#0033A0,#FFFFFF,https://www.bcfc.com/,97100000,57,0,38.8,Blue
Norwich City FC,Norwich City,,,Carrow Road,NR1 1JE,East of England,#FFF200,#00A650,https://www.canaries.co.uk/,99000000,27,0,28.6,Yellow and Green
Millwall FC,Millwall,,,The Den,SE16 3LN,London,#001A57,#FFFFFF,https://www.millwallfc.co.uk/,55780000,2,0,30,Dark Blue
Southampton FC,Southampton,,,St Mary's Stadium,SO14 5FP,South East,#D71920,#FFFFFF,https://www.southamptonfc.com/,183000000,47,0,22.4,Red and White
Watford FC,Watford,,,Vicarage Road,WD18 0ER,East of England,#FFCC00,#000000,https://www.watfordfc.com/,65050000,14,0,30.6,Yellow
Wrexham AFC,Wrexham,,,The Racecourse Ground,LL11 2AH,Wales,#CF1E26,#FFFFFF,https://www.wrexhamafc.co.uk/,55780000,0,0,50.33333333,Red
Charlton Athletic FC,Charlton Athletic,,,The Valley,SE7 8BL,London,#D20000,#FFFFFF,https://www.charltonafc.com/,27600000,26,0,51.2,Red
Hull City AFC,Hull City,,,MKM Stadium,HU3 6HU,Yorkshire & The Humber,#F6A01B,#000000,https://www.wearehullcity.co.uk/,61750000,5,0,35.8,Black and Amber
Queens Park Rangers FC,Queens Park Rangers,,,Loftus Road,W12 7PJ,London,#1C2C5B,#FFFFFF,https://www.qpr.co.uk/,47580000,23,0,36.4,Blue and White Hoops
Blackburn Rovers FC,Blackburn Rovers,,,Ewood Park,BB2 4JF,North West,#1E90FF,#FFFFFF,https://www.rovers.co.uk/,35500000,72,0,32,Blue and White
Ipswich Town FC,Ipswich Town,,,Portman Road,IP1 2DA,East of England,#003087,#FFFFFF,https://www.itfc.co.uk/,192250000,27,0,36.4,Blue
Derby County FC,Derby County,,,Pride Park,DE24 8XL,East Midlands,#FFFFFF,#000000,https://www.dcfc.co.uk/,51530000,65,0,44,White
Oxford United FC,Oxford United,,,Kassam Stadium,OX4 4XP,South East,#F7E436,#002147,https://www.oufc.co.uk/,34430000,3,0,48.6,Yellow
Sheffield Wednesday FC,Sheffield Wednesday,,,Hillsborough Stadium,S6 1SW,Yorkshire & The Humber,#0053A0,#FFFFFF,https://www.swfc.co.uk/,20900000,66,0,42,Blue and White
Sheffield United FC,Sheffield United,,,Bramall Lane,S2 4SU,Yorkshire & The Humber,#EE2737,#FFFFFF,https://www.sufc.co.uk/,129930000,63,0,26.8,Red and White
Cardiff City FC,Cardiff City,,,Cardiff City Stadium,CF11 8AZ,Wales,#0070B5,#FFFFFF,https://www.cardiffcityfc.co.uk/,28880000,17,0,40,Blue
Stevenage FC,Stevenage,,,Red and White,SG2 8RH,East of England,#FF0000,#FFFFFF,https://www.stevenagefc.com/,7830000,0,0,63.2,Lamex Stadium
Bradford City AFC,Bradford City,,,University of Bradford Stadium,BD8 7DY,Yorkshire & The Humber,#6C1D45,#F78F1E,https://www.bradfordcityafc.com/,6100000,12,0,70.2,Claret and Amber
Barnsley FC,Barnsley,,,Oakwell,S71 1ET,Yorkshire & The Humber,#EF3340,#FFFFFF,https://www.barnsleyfc.co.uk/,8480000,1,0,49.2,Red
Doncaster Rovers FC,Doncaster Rovers,,,Eco-Power Stadium,DN4 5JW,Yorkshire & The Humber,#FF0000,#FFFFFF,https://www.doncasterroversfc.co.uk/,6300000,0,0,68.6,Red and White
Huddersfield Town AFC,Huddersfield Town,,,Accu Stadium,HD1 6PG,Yorkshire & The Humber,#0E63AD,#FFFFFF,https://www.htafc.com/,18950000,32,0,41.6,Blue and White
Luton Town FC,Luton Town,,,Kenilworth Road,LU4 8AW,East of England,#FF5F00,#002147,https://www.lutontown.co.uk/,38150000,17,0,32,Orange
Stockport County FC,Stockport County,,,Edgeley Park,SK3 9DD,North West,#005BAC,#FFFFFF,https://www.stockportcounty.com/,10380000,0,0,60,Blue
Lincoln City FC,Lincoln City,,,LNER Stadium,LN5 8LD,East Midlands,#FF0000,#FFFFFF,https://www.weareimps.com/,7700000,0,0,55,Red and White
Mansfield Town FC,Mansfield Town,,,One Call Stadium,NG18 5DA,East Midlands,#FFB612,#0053A0,https://www.mansfieldtown.net/,6750000,0,0,67.4,Amber and Blue
Exeter City FC,Exeter City,,,St James Park,EX4 6PX,South West,#E30613,#FFFFFF,https://www.exetercityfc.co.uk/,7250000,0,0,60,Red and White
AFC Wimbledon,AFC Wimbledon,,,Cherry Red Records Stadium,KT1 3PB,London,#002147,#FFD100,https://www.afcwimbledon.co.uk/,4550000,0,0,72.6,Blue and Yellow
Wigan Athletic FC,Wigan Athletic,,,Brick Community Stadium,WN5 0UH,North West,#005BAC,#FFFFFF,https://www.wiganathletic.com/,11430000,8,0,51.8,DW Stadium
Bolton Wanderers FC,Bolton Wanderers,,,University of Bolton Stadium,BL6 6JW,North West,#FFFFFF,#002147,https://www.bwfc.co.uk/,19700000,73,0,51.8,White
Northampton Town FC,Northampton Town,,,Sixfields Stadium,NN5 5QA,East Midlands,#6C1D45,#FFFFFF,https://www.ntfc.co.uk/,5150000,1,0,64.6,Claret
Leyton Orient FC,Leyton Orient,,,BetWright Stadium,E10 5NF,London,#FF0000,#FFFFFF,https://www.leytonorient.com/,11800000,1,0,63,Red
Reading FC,Reading,,,Select Car Leasing Stadium,RG2 0FL,South East,#003DA5,#FFFFFF,https://www.readingfc.co.uk/,11300000,3,0,51.2,Blue and White
Burton Albion FC,Burton Albion,,,Pirelli Stadium,DE13 0AR,West Midlands,#FFD100,#000000,https://www.burtonalbionfc.co.uk/,8200000,0,0,61.8,Yellow and Black
Rotherham United FC,Rotherham United,,,AESSEAL New York Stadium,S60 1FJ,Yorkshire & The Humber,#FF0000,#FFFFFF,https://www.themillers.co.uk/,10880000,0,0,49.8,Red
Blackpool FC,Blackpool,,,Bloomfield Road,FY1 6JJ,North West,#FA5C3D,#FFFFFF,https://www.blackpoolfc.co.uk/,11000000,28,0,49.8,Tangerine
Plymouth Argyle FC,Plymouth Argyle,,,Home Park,PL2 3DQ,South West,#006633,#FFFFFF,https://www.pafc.co.uk/,12450000,0,0,49,Green
Wycombe Wanderers FC,Wycombe Wanderers,,,Light and Dark Blue,HP12 4HJ,South East,#81B3D3,#002147,https://www.wwfc.com/,11050000,0,0,54.4,Adams Park
Port Vale FC,Port Vale,,,Vale Park,ST6 1AW,West Midlands,#241F20,#FFFFFF,https://www.port-vale.co.uk/,9430000,0,0,67.8,Black and White
Peterborough United FC,Peterborough United,,,Weston Homes Stadium,PE2 8AL,East of England,#005BAC,#FFFFFF,https://www.theposh.com/,9550000,0,0,54,Blue
Gillingham FC,Gillingham,,,Priestfield Stadium,ME7 4DD,South East,#005BAC,#FFFFFF,https://www.gillinghamfootballclub.com/,3530000,0,0,76.8,Blue
Chesterfield FC,Chesterfield,,,Technique Stadium,S41 8NZ,Wales,#0057A3,#FFFFFF,https://www.chesterfield-fc.co.uk/,4580000,0,0,72.5,Blue
Bromley FC,Bromley,,,Hayes Lane,BR2 9EF,London,#FFFFFF,#000000,https://www.bromleyfc.co.uk/,2930000,0,0,75,White
Crewe Alexandra FC,Crewe Alexandra,,,Mornflake Stadium,CW2 6EB,North West,#FF0000,#FFFFFF,https://www.crewealex.net/,4530000,0,0,75.2,Red
Swindon Town FC,Swindon Town,,,County Ground,SN1 2ED,South West,#FF0000,#FFFFFF,https://www.swindontownfc.co.uk/,3630000,1,0,78.4,Red
Walsall FC,Walsall,,,Poundland Bescot Stadium,WS1 4SA,West Midlands,#FF0000,#FFFFFF,https://www.saddlers.co.uk/,4430000,0,0,78.6,Red
Milton Keynes Dons FC,Milton Keynes Dons,,,Stadium MK,MK1 1ST,South East,#FFFFFF,#000000,https://www.mkdons.com/,7130000,0,0,69.2,White
Grimsby Town FC,Grimsby Town,,,Blundell Park,DN35 7PY,Yorkshire & The Humber,#000000,#FFFFFF,https://www.gtfc.co.uk/,3750000,12,0,82.6,Black and White
Fleetwood Town FC,Fleetwood Town,,,Highbury Stadium,FY7 6TX,North West,#FF0000,#FFFFFF,https://www.fleetwoodtownfc.com/,4230000,0,0,69.2,Red and White
Cambridge United FC,Cambridge United,,,Abbey Stadium,CB5 8LN,East of England,#FFB612,#000000,https://www.cambridgeunited.com/,4230000,0,0,65.8,Amber and Black
Salford City FC,Salford City,,,Peninsula Stadium,M7 3PZ,North West,#E30613,#FFFFFF,https://www.salfordcityfc.co.uk/,5150000,0,0,79.2,Red
Tranmere Rovers FC,Tranmere Rovers,,,Prenton Park,CH42 9PY,North West,#FFFFFF,#0053A0,https://www.tranmererovers.co.uk/,3180000,0,0,81.8,White
Notts County FC,Notts County,,,Meadow Lane,NG2 3HJ,East Midlands,#000000,#FFFFFF,https://www.nottscountyfc.co.uk/,5450000,30,0,79,Black and White
Harrogate Town AFC,Harrogate Town,,,EnviroVent Stadium,HG2 7SA,Yorkshire & The Humber,#FFD100,#000000,https://www.harrogatetownafc.com/,2850000,0,0,84.6,Yellow
Barnet FC,Barnet,,,The Hive Stadium,HA8 6AG,London,#DF404E,#FFFFFF,https://www.barnetfc.com/,3430000,0,0,83,Red
Bristol Rovers FC,Bristol Rovers,,,Memorial Stadium,BS7 0BF,South West,#005BAC,#FFFFFF,https://www.bristolrovers.co.uk/,5800000,0,0,68.2,Blue and White
Colchester United FC,Colchester United,,,JobServe Community Stadium,CO4 5UP,East of England,#005BAC,#FFFFFF,https://www.cu-fc.com/,3880000,0,0,84.8,Blue
Barrow AFC,Barrow,,,SO Legal Stadium,LA14 5UW,North West,#005BAC,#FFFFFF,https://www.barrowafc.com/,3600000,0,0,82.6,Blue and White
Oldham Athletic AFC,Oldham Athletic,,,Boundary Park,OL1 2PA,North West,#004A97,#FFFFFF,https://www.oldhamathletic.co.uk/,2400000,12,0,89,Royal Blue
Newport County AFC,Newport County,,,Rodney Parade,NP19 0UU,Wales,#FFB612,#000000,https://www.newport-county.co.uk/,3350000,0,0,85.2,Amber and Black
Accrington Stanley FC,Accrington Stanley,,,Wham Stadium,BB5 5BX,North West,#FF0000,#FFFFFF,https://www.accringtonstanley.co.uk/,2480000,0,0,77.2,Red
Crawley Town FC,Crawley Town,,,Broadfield Stadium,RH11 9RX,South East,#FF0000,#FFFFFF,https://www.crawleytownfc.com/,4200000,0,0,80,Red
Shrewsbury Town FC,Shrewsbury Town,,,Blue and Amber,SY2 6ST,West Midlands,#1E3A6D,#FFB612,https://www.shrewsburytown.com/,2600000,0,0,68,Montgomery Waters Meadow
Cheltenham Town FC,Cheltenham Town,,,Completely-Suzuki Stadium,GL52 5NA,South West,#E30613,#FFFFFF,https://www.ctfc.com/,3500000,0,0,71.8,Red and White
